INSERT INTO Produit(id_produit, nom_produit, stock_produit, capacite, avg_daily) VALUES(1,'Doliprane',19,100,10);
INSERT INTO Produit(id_produit, nom_produit, stock_produit, capacite, avg_daily) VALUES(2,'Spasfon',28,100,8);
INSERT INTO Produit(id_produit, nom_produit, stock_produit, capacite, avg_daily) VALUES(3,'Xanax',15,50,2);
INSERT INTO Produit(id_produit, nom_produit, stock_produit, capacite, avg_daily) VALUES(4,'Ventoline',34,50,5);
INSERT INTO Produit(id_produit, nom_produit, stock_produit, capacite, avg_daily) VALUES(5,'Vogalene',12,100,3);
INSERT INTO Produit(id_produit, nom_produit, stock_produit, capacite, avg_daily) VALUES(6,'Smecta',55,75,3);
INSERT INTO Produit(id_produit, nom_produit, stock_produit, capacite, avg_daily) VALUES(7,'Solupred',24,50,2);
INSERT INTO Produit(id_produit, nom_produit, stock_produit, capacite, avg_daily) VALUES(8,'Pillule',48,150,9);
INSERT INTO Produit(id_produit, nom_produit, stock_produit, capacite, avg_daily) VALUES(9,'Novorapid',54,75,4);
INSERT INTO Produit(id_produit, nom_produit, stock_produit, capacite, avg_daily) VALUES(10,'Nurofen',45,100,5);
INSERT INTO Produit(id_produit, nom_produit, stock_produit, capacite, avg_daily) VALUES(11,'Voltarene',40,75,3);
INSERT INTO Produit(id_produit, nom_produit, stock_produit, capacite, avg_daily) VALUES(12,'Eludril',36,50,2);
INSERT INTO Produit(id_produit, nom_produit, stock_produit, capacite, avg_daily) VALUES(13,'Dakin',12,50,3);
INSERT INTO Produit(id_produit, nom_produit, stock_produit, capacite, avg_daily) VALUES(14,'Forlax',42,75,4);
INSERT INTO Produit(id_produit, nom_produit, stock_produit, capacite, avg_daily) VALUES(15,'Hexomedine',21,50,3);
INSERT INTO Produit(id_produit, nom_produit, stock_produit, capacite, avg_daily) VALUES(16,'Lysopaine',40,100,5);
INSERT INTO Produit(id_produit, nom_produit, stock_produit, capacite, avg_daily) VALUES(17,'Gaviscon',16,50,3);
INSERT INTO Produit(id_produit, nom_produit, stock_produit, capacite, avg_daily) VALUES(18,'Aerius',32,100,3);
INSERT INTO Produit(id_produit, nom_produit, stock_produit, capacite, avg_daily) VALUES(19,'Advil',32,75,6);
INSERT INTO Produit(id_produit, nom_produit, stock_produit, capacite, avg_daily) VALUES(20,'Titanoreine',37,50,2);

INSERT INTO Fournisseur(id_fournisseur, nom_fournisseur, tel_fournisseur, mail_fournisseur) VALUES('C0KLM','CERP','0612345678','cerp@mail.com');
INSERT INTO Fournisseur(id_fournisseur, nom_fournisseur, tel_fournisseur, mail_fournisseur) VALUES('P5AER','Phoenix','0645678123','phoenix@mail.com');
INSERT INTO Fournisseur(id_fournisseur, nom_fournisseur, tel_fournisseur, mail_fournisseur) VALUES('M9XRT','Mylan','0667812345','mylan@mail.com');

INSERT INTO Livraison(id_livraison, id_produit, id_fournisseur, date_livraison, stock_entrant) VALUES('AZERTY',1,'C0KLM',TO_DATE('2022-10-20', 'YYYY/MM/DD'),12);
INSERT INTO Livraison(id_livraison, id_produit, id_fournisseur, date_livraison, stock_entrant) VALUES('ZERTYU',4,'C0KLM',TO_DATE('2022-10-20', 'YYYY/MM/DD'),8);
INSERT INTO Livraison(id_livraison, id_produit, id_fournisseur, date_livraison, stock_entrant) VALUES('ERTYUI',1,'P5AER',TO_DATE('2022-11-02', 'YYYY/MM/DD'),40);
INSERT INTO Livraison(id_livraison, id_produit, id_fournisseur, date_livraison, stock_entrant) VALUES('RTYUIO',6,'P5AER',TO_DATE('2022-11-04', 'YYYY/MM/DD'),32);
INSERT INTO Livraison(id_livraison, id_produit, id_fournisseur, date_livraison, stock_entrant) VALUES('TYUIOP',13,'P5AER',TO_DATE('2022-11-04', 'YYYY/MM/DD'),35);
INSERT INTO Livraison(id_livraison, id_produit, id_fournisseur, date_livraison, stock_entrant) VALUES('YUIOPQ',8,'M9XRT',TO_DATE('2022-11-06', 'YYYY/MM/DD'),30);
INSERT INTO Livraison(id_livraison, id_produit, id_fournisseur, date_livraison, stock_entrant) VALUES('UIOPQS',2,'M9XRT',TO_DATE('2022-11-06', 'YYYY/MM/DD'),32);
INSERT INTO Livraison(id_livraison, id_produit, id_fournisseur, date_livraison, stock_entrant) VALUES('IOPQSD',5,'C0KLM',TO_DATE('2022-11-11', 'YYYY/MM/DD'),12);
INSERT INTO Livraison(id_livraison, id_produit, id_fournisseur, date_livraison, stock_entrant) VALUES('OPQSDF',5,'P5AER',TO_DATE('2022-11-13', 'YYYY/MM/DD'),50);
INSERT INTO Livraison(id_livraison, id_produit, id_fournisseur, date_livraison, stock_entrant) VALUES('PQSDFG',3,'P5AER',TO_DATE('2022-11-14', 'YYYY/MM/DD'),7);
INSERT INTO Livraison(id_livraison, id_produit, id_fournisseur, date_livraison, stock_entrant) VALUES('QSDFGH',4,'M9XRT',TO_DATE('2022-11-14', 'YYYY/MM/DD'),7);
INSERT INTO Livraison(id_livraison, id_produit, id_fournisseur, date_livraison, stock_entrant) VALUES('SDFGHJ',3,'M9XRT',TO_DATE('2022-11-14', 'YYYY/MM/DD'),10);
INSERT INTO Livraison(id_livraison, id_produit, id_fournisseur, date_livraison, stock_entrant) VALUES('DFGHJK',3,'C0KLM',TO_DATE('2022-11-16', 'YYYY/MM/DD'),14);
INSERT INTO Livraison(id_livraison, id_produit, id_fournisseur, date_livraison, stock_entrant) VALUES('FGHJKL',1,'P5AER',TO_DATE('2022-11-17', 'YYYY/MM/DD'),30);
INSERT INTO Livraison(id_livraison, id_produit, id_fournisseur, date_livraison, stock_entrant) VALUES('GHJKLM',2,'M9XRT',TO_DATE('2022-11-20', 'YYYY/MM/DD'),15);
INSERT INTO Livraison(id_livraison, id_produit, id_fournisseur, date_livraison, stock_entrant) VALUES('HJKLMW',17,'M9XRT',TO_DATE('2022-11-20', 'YYYY/MM/DD'),30);
INSERT INTO Livraison(id_livraison, id_produit, id_fournisseur, date_livraison, stock_entrant) VALUES('JKLMWX',12,'C0KLM',TO_DATE('2022-11-22', 'YYYY/MM/DD'),15);
INSERT INTO Livraison(id_livraison, id_produit, id_fournisseur, date_livraison, stock_entrant) VALUES('KLMWXC',15,'C0KLM',TO_DATE('2022-11-22', 'YYYY/MM/DD'),10);
INSERT INTO Livraison(id_livraison, id_produit, id_fournisseur, date_livraison, stock_entrant) VALUES('LMWXCV',11,'P5AER',TO_DATE('2022-11-24', 'YYYY/MM/DD'),12);
INSERT INTO Livraison(id_livraison, id_produit, id_fournisseur, date_livraison, stock_entrant) VALUES('MWXCVB',20,'M9XRT',TO_DATE('2022-11-25', 'YYYY/MM/DD'),17);
INSERT INTO Livraison(id_livraison, id_produit, id_fournisseur, date_livraison, stock_entrant) VALUES('WXCVBN',19,'C0KLM',TO_DATE('2022-11-30', 'YYYY/MM/DD'),10);
INSERT INTO Livraison(id_livraison, id_produit, id_fournisseur, date_livraison, stock_entrant) VALUES('XCVBNA',17,'C0KLM',TO_DATE('2022-11-30', 'YYYY/MM/DD'),14);
INSERT INTO Livraison(id_livraison, id_produit, id_fournisseur, date_livraison, stock_entrant) VALUES('CVBNAZ',14,'P5AER',TO_DATE('2022-12-3', 'YYYY/MM/DD'),30);
INSERT INTO Livraison(id_livraison, id_produit, id_fournisseur, date_livraison, stock_entrant) VALUES('VBNAZE',18,'P5AER',TO_DATE('2022-12-3', 'YYYY/MM/DD'),15);
INSERT INTO Livraison(id_livraison, id_produit, id_fournisseur, date_livraison, stock_entrant) VALUES('BNAZER',18,'M9XRT',TO_DATE('2022-12-5', 'YYYY/MM/DD'),24);
