INSERT INTO Produit(id_produit, nom_produit, stock_produit, capacite) VALUES(1,'Doliprane 1000',19,100);
INSERT INTO Produit(id_produit, nom_produit, stock_produit, capacite) VALUES(2,'Spasfon',28,100);
INSERT INTO Produit(id_produit, nom_produit, stock_produit, capacite) VALUES(3,'Xanax',15,50);
INSERT INTO Produit(id_produit, nom_produit, stock_produit, capacite) VALUES(4,'Ventoline',34,50);
INSERT INTO Produit(id_produit, nom_produit, stock_produit, capacite) VALUES(5,'Vogalene',12,100);
INSERT INTO Produit(id_produit, nom_produit, stock_produit, capacite) VALUES(6,'Smecta',55,75);
INSERT INTO Produit(id_produit, nom_produit, stock_produit, capacite) VALUES(7,'Solupred',24,50);
INSERT INTO Produit(id_produit, nom_produit, stock_produit, capacite) VALUES(8,'Pillule',48,150);
INSERT INTO Produit(id_produit, nom_produit, stock_produit, capacite) VALUES(9,'Novorapid',54,75);
INSERT INTO Produit(id_produit, nom_produit, stock_produit, capacite) VALUES(10,'Nurofen',45,100);
INSERT INTO Produit(id_produit, nom_produit, stock_produit, capacite) VALUES(11,'Voltarene',40,75);
INSERT INTO Produit(id_produit, nom_produit, stock_produit, capacite) VALUES(12,'Eludril',36,50);
INSERT INTO Produit(id_produit, nom_produit, stock_produit, capacite) VALUES(13,'Dakin',12,50);
INSERT INTO Produit(id_produit, nom_produit, stock_produit, capacite) VALUES(14,'Forlax',42,75);
INSERT INTO Produit(id_produit, nom_produit, stock_produit, capacite) VALUES(15,'Hexomedine',21,50);
INSERT INTO Produit(id_produit, nom_produit, stock_produit, capacite) VALUES(16,'Lysopaine',40,100);
INSERT INTO Produit(id_produit, nom_produit, stock_produit, capacite) VALUES(17,'Gaviscon',16,50);
INSERT INTO Produit(id_produit, nom_produit, stock_produit, capacite) VALUES(18,'Aerius',32,100);
INSERT INTO Produit(id_produit, nom_produit, stock_produit, capacite) VALUES(19,'Advil',32,75);
INSERT INTO Produit(id_produit, nom_produit, stock_produit, capacite) VALUES(20,'Titanoreine',37,50);

INSERT INTO Fournisseur(id_fournisseur, nom_fournisseur, tel_fournisseur, mail_fournisseur) VALUES('C0KLM','CERP','0612345678','cerp@mail.com');
INSERT INTO Fournisseur(id_fournisseur, nom_fournisseur, tel_fournisseur, mail_fournisseur) VALUES('P5AER','Phoenix','0645678123','phoenix@mail.com');
INSERT INTO Fournisseur(id_fournisseur, nom_fournisseur, tel_fournisseur, mail_fournisseur) VALUES('M9XRT','Mylan','0667812345','mylan@mail.com');

INSERT INTO Livraison(id_livraison, id_produit, id_fournisseur, date_livraison, stock_entrant) VALUES('AZERTY',1,'C0KLM','2022-10-20',12);
INSERT INTO Livraison(id_livraison, id_produit, id_fournisseur, date_livraison, stock_entrant) VALUES('ZERTYU',4,'C0KLM','2022-10-20',8);
INSERT INTO Livraison(id_livraison, id_produit, id_fournisseur, date_livraison, stock_entrant) VALUES('ERTYUI',1,'P5AER','2022-11-02',40);
INSERT INTO Livraison(id_livraison, id_produit, id_fournisseur, date_livraison, stock_entrant) VALUES('RTYUIO',6,'P5AER','2022-11-04',32);
INSERT INTO Livraison(id_livraison, id_produit, id_fournisseur, date_livraison, stock_entrant) VALUES('TYUIOP',13,'P5AER','2022-11-04',35);
INSERT INTO Livraison(id_livraison, id_produit, id_fournisseur, date_livraison, stock_entrant) VALUES('YUIOPQ',8,'M9XRT','2022-11-06',30);
INSERT INTO Livraison(id_livraison, id_produit, id_fournisseur, date_livraison, stock_entrant) VALUES('UIOPQS',2,'M9XRT','2022-11-06',32);
INSERT INTO Livraison(id_livraison, id_produit, id_fournisseur, date_livraison, stock_entrant) VALUES('IOPQSD',5,'C0KLM','2022-11-11',12);
INSERT INTO Livraison(id_livraison, id_produit, id_fournisseur, date_livraison, stock_entrant) VALUES('OPQSDF',5,'P5AER','2022-11-13',50);
INSERT INTO Livraison(id_livraison, id_produit, id_fournisseur, date_livraison, stock_entrant) VALUES('PQSDFG',3,'P5AER','2022-11-14',7);
INSERT INTO Livraison(id_livraison, id_produit, id_fournisseur, date_livraison, stock_entrant) VALUES('QSDFGH',4,'M9XRT','2022-11-14',7);
INSERT INTO Livraison(id_livraison, id_produit, id_fournisseur, date_livraison, stock_entrant) VALUES('SDFGHJ',3,'M9XRT','2022-11-14',10);
INSERT INTO Livraison(id_livraison, id_produit, id_fournisseur, date_livraison, stock_entrant) VALUES('DFGHJK',3,'C0KLM','2022-11-16',14);
INSERT INTO Livraison(id_livraison, id_produit, id_fournisseur, date_livraison, stock_entrant) VALUES('FGHJKL',1,'P5AER','2022-11-17',30);
INSERT INTO Livraison(id_livraison, id_produit, id_fournisseur, date_livraison, stock_entrant) VALUES('GHJKLM',2,'M9XRT','2022-11-20',15);
INSERT INTO Livraison(id_livraison, id_produit, id_fournisseur, date_livraison, stock_entrant) VALUES('HJKLMW',17,'M9XRT','2022-11-20',30);
INSERT INTO Livraison(id_livraison, id_produit, id_fournisseur, date_livraison, stock_entrant) VALUES('JKLMWX',12,'C0KLM','2022-11-22',15);
INSERT INTO Livraison(id_livraison, id_produit, id_fournisseur, date_livraison, stock_entrant) VALUES('KLMWXC',15,'C0KLM','2022-11-22',10);
INSERT INTO Livraison(id_livraison, id_produit, id_fournisseur, date_livraison, stock_entrant) VALUES('LMWXCV',11,'P5AER','2022-11-24',12);
INSERT INTO Livraison(id_livraison, id_produit, id_fournisseur, date_livraison, stock_entrant) VALUES('MWXCVB',20,'M9XRT','2022-11-25',17);
INSERT INTO Livraison(id_livraison, id_produit, id_fournisseur, date_livraison, stock_entrant) VALUES('WXCVBN',19,'C0KLM','2022-11-30',10);
INSERT INTO Livraison(id_livraison, id_produit, id_fournisseur, date_livraison, stock_entrant) VALUES('XCVBNA',17,'C0KLM','2022-11-30',14);
INSERT INTO Livraison(id_livraison, id_produit, id_fournisseur, date_livraison, stock_entrant) VALUES('CVBNAZ',14,'P5AER','2022-12-3',30);
INSERT INTO Livraison(id_livraison, id_produit, id_fournisseur, date_livraison, stock_entrant) VALUES('VBNAZE',18,'P5AER','2022-12-3',15);
INSERT INTO Livraison(id_livraison, id_produit, id_fournisseur, date_livraison, stock_entrant) VALUES('BNAZER',18,'M9XRT','2022-12-5',24);
